{
	"partitions" : [
		{
			"name" : "Top",
			"pins" : [
				{
					"name" : "light_highway[0]",
					"strict" : false
				},
				{
					"name" : "light_highway[1]",
					"strict" : false
				},
				{
					"name" : "light_highway[2]",
					"strict" : false
				},
				{
					"name" : "light_farm[0]",
					"strict" : false
				},
				{
					"name" : "light_farm[1]",
					"strict" : false
				},
				{
					"name" : "light_farm[2]",
					"strict" : false
				},
				{
					"name" : "C",
					"strict" : false
				},
				{
					"name" : "clk",
					"strict" : false
				},
				{
					"name" : "rst_n",
					"strict" : false
				}
			]
		}
	]
}